Sheet,ZLP,ZIP,Time_LP,Time_IP
Data-20-12 (1),80071.12407982955,89469.0,0.005984306335449219,11.594713687896729
Data-20-12 (2),14248318.909100663,14330363.89945055,0.004985809326171875,0.15678119659423828
Data-20-24 (1),5188728.18545767,5227122.577272727,0.005980253219604492,0.14956378936767578
Data-20-24 (2),6597352.025347128,6711604.908394378,0.007978677749633789,0.32509732246398926
