Sheet,Z_BD,Time_BD,Gap_BD,Iterations,Cuts
Data-20-12 (2),13752901.572316572,0.05585026741027832,0.0,1.0,1.0
