Sheet,Z_BD,Time_BD,Gap_BD,Iterations,Cuts
Data-20-12 (2),14221670.803396605,0.6864838600158691,0.0,1.0,1.0
