Sheet,RFZ_IP,Time_IP (s),RFZ_LP,Time_LP (s)
Data-20-12 (1),89469.0,26.227490186691284,89397.09547497395,0.11669039726257324
Data-20-12 (2),14330661.89945055,0.24335074424743652,14328002.281279806,0.03490877151489258
