Sheet,Z_BD,Time_BD,Gap_BD,Iterations,Cuts
Data-20-12 (2),14221670.803396605,0.05083012580871582,0.0,1.0,1.0
