Sheet,LP Objective,LP Time,MILP Objective,MILP Time
6-periods (1),51762.33714096161,0.11076736450195312,54875.0,0.2121295928955078
6-periods (2),104122.0020543255,0.036902666091918945,105079.0,0.044881582260131836
12-periods (1),40404.207129110364,0.034906625747680664,54291.0,0.13164567947387695
