Sheet,Minimun cost,Processing time
6-periods (1),54875.0,0.0
6-periods (2),105079.0,0.0
12-periods (1),54291.0,0.0015006065368652344
12-periods (2),44793.0,0.0009963512420654297
24-periods (1),78316.0,0.005413055419921875
24-periods (2),138648.0,0.005487680435180664
52-periods (1),227604.0,0.07163262367248535
52-periods (2),222695.0,0.11571955680847168
104-periods (1),340375.0,1.91646409034729
104-periods (2),745112.0,1.5752925872802734
