Sheet,Minimun cost,Processing time
6-periods (1),54875.0,0.0
6-periods (2),105079.0,0.0
12-periods (1),54291.0,0.0009810924530029297
12-periods (2),44793.0,0.0
24-periods (1),78316.0,0.008976221084594727
24-periods (2),138648.0,0.009938478469848633
52-periods (1),227604.0,0.09969902038574219
52-periods (2),222695.0,0.10475754737854004
104-periods (1),340375.0,1.3077363967895508
104-periods (2),745112.0,1.1429095268249512
